,에너지(cal),탄수화물(g),단백질(g),지방(g),당류(g),식이섬유(g),나트륨(mg),,흑미,현미,보리,차조,기장,율무,수수,찹쌀,적두,서리태
0,143.6043956,31.09934066,2.884835165,0.535384615,0.025274725,0.898901099,132.7252747,,13.18681319,38.46153846,27.47252747,0,2.197802198,0,2.197802198,16.48351648,0,0
1,146.0347222,31.69701389,2.971944444,0.543125,0.045486111,1.009722222,165.5138889,,19.44444444,20.83333333,30.55555556,0,0,0,8.333333333,13.88888889,3.472222222,3.472222222
2,141.6666667,30.76133333,2.892,0.521333333,0.060666667,1.06,104.2666667,,13.33333333,13.33333333,13.33333333,6.666666667,0,0,13.33333333,26.66666667,6.666666667,6.666666667
3,145.3,31.472,2.9105,0.549,0.0275,0.905,127.35,,10,40,25,0,5,0,5,15,0,0
4,147.0677083,31.94796875,2.980364583,0.514479167,0.037135417,0.941145833,187.265625,,10.41666667,28.64583333,37.5,2.083333333,2.083333333,0,4.166666667,10.41666667,2.083333333,2.604166667
5,133.4444444,28.77,2.716111111,0.502407407,0.027777778,0.942592593,45.11111111,,0,51.85185185,9.259259259,0,0,0,0,29.62962963,0,9.259259259
6,141.0377358,30.69327044,2.869622642,0.446037736,0.039874214,0.929559748,183.3081761,,13.20754717,16.35220126,37.10691824,2.51572327,2.51572327,0,1.886792453,21.3836478,2.51572327,2.51572327
7,141.1007653,30.60478316,2.857869898,0.487130102,0.029068878,0.92002551,172.817602,,0,43.36734694,36.98979592,0,0.382653061,0,0.637755102,17.85714286,0,0.765306122
8,145.7931034,31.61896552,3.037816092,0.491264368,0.059885057,1.24137931,77.18390805,,9.195402299,22.98850575,12.64367816,3.448275862,3.448275862,3.448275862,3.448275862,22.98850575,3.448275862,14.94252874
9,140.382716,30.5017284,2.885555556,0.472839506,0.059382716,1.055555556,120.8641975,,6.172839506,9.87654321,18.51851852,6.172839506,6.172839506,0,12.34567901,24.69135802,3.703703704,12.34567901
10,160.0879121,34.86538462,3.321428571,0.561208791,0.085384615,1.440659341,114.8681319,,7.692307692,15.38461538,14.28571429,7.692307692,4.395604396,5.494505495,14.28571429,15.38461538,7.692307692,7.692307692
11,144.9444444,31.39111111,2.901111111,0.552222222,0.027777778,0.905555556,115.8888889,,16.66666667,33.33333333,22.22222222,0,5.555555556,0,5.555555556,16.66666667,0,0
12,140.8125,30.460625,2.811875,0.543125,0.028125,0.90625,73.1875,,12.5,37.5,12.5,0,6.25,0,6.25,25,0,0
13,123.4,26.948,2.549,0.32,0.076,1.03,52.1,,0,0,0,0,10,0,10,60,10,10
14,144.2647059,31.3,2.908823529,0.512352941,0.029411765,0.914705882,170,,8.823529412,35.29411765,35.29411765,0,2.941176471,0,2.941176471,14.70588235,0,0
15,151.393617,32.85829787,3.092659574,0.54393617,0.05287234,1.168085106,102.3404255,,0,42.55319149,17.0212766,3.191489362,3.191489362,3.191489362,5.319148936,17.0212766,4.255319149,4.255319149
16,143.028169,31.01859155,2.897323944,0.503943662,0.031408451,0.932394366,162.915493,,7.042253521,35.21126761,33.8028169,0,2.816901408,0,2.816901408,15.49295775,0,2.816901408
17,159.5294118,34.76623529,3.311647059,0.526,0.080823529,1.401176471,110.9058824,,8.235294118,16.47058824,15.29411765,8.235294118,4.705882353,5.882352941,8.235294118,16.47058824,8.235294118,8.235294118
18,139.7857143,30.36785714,2.851428571,0.482857143,0.054285714,0.992857143,99.5,,14.28571429,14.28571429,14.28571429,7.142857143,0,0,7.142857143,28.57142857,7.142857143,7.142857143
19,141.35,30.692875,2.86325,0.48425,0.04675,0.93125,87.3875,,8.75,25,12.5,5,5,0,5,25,6.25,7.5
20,141.5581395,30.74023256,2.877209302,0.479534884,0.033488372,0.939534884,177.5348837,,18.60465116,18.60465116,37.20930233,0,2.325581395,0,2.325581395,18.60465116,0,2.325581395
21,157.8571429,34.52857143,3.231428571,0.5,0.08,1.014285714,201.5714286,,14.28571429,0,28.57142857,0,14.28571429,0,14.28571429,0,14.28571429,14.28571429
22,186.7391304,41.04217391,3.832608696,0.585942029,0.127681159,1.582608696,169.4202899,,0,0,14.49275362,21.73913043,11.5942029,8.695652174,21.73913043,0,21.73913043,0
23,133.57,29.2188,2.7517,0.376,0.0893,1.057,74.54,,0,0,0,0,12,0,15,46,15,12
24,150.2168675,32.60337349,3.070361446,0.54060241,0.046144578,1.197590361,122.1204819,,24.09638554,18.07228916,24.09638554,2.409638554,2.409638554,3.614457831,4.819277108,20.48192771,0,0
25,145.2972973,31.60081081,2.965675676,0.485675676,0.044594595,0.975675676,192.9189189,,13.51351351,16.21621622,37.83783784,2.702702703,2.702702703,0,5.405405405,13.51351351,2.702702703,5.405405405
26,151.31,32.8912,3.1014,0.539966667,0.058566667,1.194333333,142.7233333,,15,17.33333333,24.66666667,3.333333333,3.333333333,2.666666667,10,16.66666667,3.333333333,3.666666667
27,153.0985915,33.05450704,3.047746479,0.644366197,0.016197183,0.873239437,116.1830986,,9.85915493,60.56338028,23.94366197,2.816901408,0,0,2.816901408,0,0,0
28,134.2,29.176,2.738,0.412,0.035,0.94,185.7,,0,30,40,0,0,0,0,30,0,0
29,139.7959184,30.44469388,2.855918367,0.423367347,0.037346939,0.935714286,224.9897959,,9.183673469,19.3877551,47.95918367,0,1.020408163,0,0,20.40816327,1.020408163,1.020408163
30,141.2666667,30.58,2.843333333,0.524,0.023333333,0.893333333,124.4666667,,20,33.33333333,26.66666667,0,0,0,0,20,0,0
31,144.18,31.22495,2.90055,0.53545,0.02925,0.895,115.25,,8,44,22.5,1.5,1.5,0,1.5,16,2.5,2.5
32,133.3563218,28.82862069,2.683333333,0.48862069,0.024712644,0.898850575,71.32183908,,10.34482759,40.22988506,14.94252874,0,0,0,0,34.48275862,0,0
33,146.6223404,31.85601064,2.970159574,0.50287234,0.034734043,0.918617021,187.6117021,,10.63829787,29.25531915,38.29787234,2.127659574,2.127659574,0,2.127659574,10.63829787,2.127659574,2.659574468
34,162.9647059,35.61505882,3.225411765,0.575294118,0.066470588,1.014117647,201.8705882,,0,0,27.05882353,0,37.64705882,0,35.29411765,0,0,0
35,143.7816092,31.17126437,2.900344828,0.524367816,0.03183908,0.910344828,129.183908,,19.54022989,28.73563218,25.28735632,0,2.298850575,0,2.298850575,17.24137931,2.298850575,2.298850575
36,156.8695652,34.18391304,3.123913043,0.559565217,0.05,0.965217391,187.5217391,,8.695652174,8.695652174,30.43478261,4.347826087,21.73913043,0,21.73913043,4.347826087,0,0
37,132.1445783,28.61385542,2.675421687,0.459277108,0.032650602,0.930120482,90.96385542,,0,42.1686747,18.07228916,0,0,0,1.204819277,36.14457831,1.204819277,1.204819277
38,143.9918699,31.20634146,2.878699187,0.538699187,0.032195122,0.906504065,94.72357724,,18.69918699,24.3902439,16.2601626,3.25203252,7.317073171,0,7.317073171,21.13821138,0.81300813,0.81300813
39,145.6704545,31.72909091,2.973295455,0.453181818,0.034090909,0.936363636,277.4772727,,3.409090909,28.40909091,60.22727273,0,0,0,0,7.954545455,0,0
40,153.8,33.016,3.018,0.736,0,0.8,2,,20,80,0,0,0,0,0,0,0,0
41,147.4102564,32.06794872,3.029102564,0.478333333,0.050384615,1.126923077,161.5512821,,10.25641026,21.79487179,32.05128205,2.564102564,2.564102564,2.564102564,2.564102564,19.23076923,2.564102564,3.846153846
42,142.9078947,31.01855263,2.875789474,0.499078947,0.030921053,0.907894737,149.3026316,,14.47368421,23.68421053,30.26315789,3.947368421,3.947368421,0,3.947368421,19.73684211,0,0
43,143.7073171,31.12573171,2.887682927,0.534268293,0.030121951,0.895121951,103.5,,13.41463415,36.58536585,19.51219512,2.43902439,2.43902439,0,2.43902439,18.29268293,2.43902439,2.43902439
44,143.4827586,31.15632184,2.908275862,0.493678161,0.035747126,0.922988506,155.4367816,,17.24137931,21.83908046,31.03448276,2.298850575,2.298850575,0,2.298850575,17.24137931,2.298850575,3.448275862
45,144.7083333,31.27652778,2.897777778,0.567916667,0.01875,0.875,110.3194444,,16.66666667,45.83333333,23.61111111,0,0,0,0,13.88888889,0,0
46,151.725,32.680125,3.021125,0.643,0.011875,0.84,60.1625,,0,75,12.5,3.75,2.5,0,0,0,0,6.25
47,168.4545455,36.71090909,3.300909091,0.71,0.081818182,1.136363636,114.1818182,,0,0,0,0,45.45454545,0,54.54545455,0,0,0
48,141.1808511,30.79010638,2.923510638,0.413404255,0.061382979,1.131914894,164.6808511,,9.574468085,9.574468085,30.85106383,2.127659574,2.127659574,2.127659574,3.191489362,29.78723404,5.319148936,5.319148936
49,135.7922078,29.42363636,2.758961039,0.506753247,0.042857143,1.033766234,121.4285714,,12.98701299,22.07792208,22.07792208,0,0,0,10.38961039,32.46753247,0,0
50,155.1935484,33.55645161,3.126451613,0.640967742,0.04,0.877419355,36.83870968,,25.80645161,48.38709677,0,0,0,0,0,0,12.90322581,12.90322581
51,154.2333333,33.36533333,3.159333333,0.598,0.0475,1.29,51.43333333,,13.33333333,41.66666667,8.333333333,0,5,5,5,16.66666667,0,5
52,157.1014493,33.95376812,3.152898551,0.677826087,0.031449275,0.860869565,29.39130435,,79.71014493,0,0,0,0,0,0,0,10.14492754,10.14492754
53,139.4705882,30.25276018,2.823393665,0.483348416,0.028054299,0.912217195,155.7013575,,20.36199095,23.52941176,33.4841629,0,0,0,0,22.62443439,0,0
54,144.3703704,31.18679012,2.890740741,0.578888889,0.021604938,0.901234568,102.5308642,,8.641975309,53.08641975,20.98765432,0,0,0,2.469135802,14.81481481,0,0
55,146.5882353,31.85080214,2.97,0.501657754,0.034919786,0.919251337,188.6042781,,10.69518717,28.87700535,38.5026738,2.139037433,2.139037433,0,2.139037433,10.69518717,2.139037433,2.673796791
56,157.4390244,34.48,3.092926829,0.403658537,0.02195122,0.631707317,218.7317073,,19.51219512,0,43.90243902,0,36.58536585,0,0,0,0,0
57,139.7666667,30.28033333,2.820666667,0.499,0.025833333,0.903333333,139.75,,10,38.33333333,30,0,0,0,0,21.66666667,0,0
58,133.6666667,28.94666667,2.701111111,0.466666667,0.027777778,0.911111111,104.5555556,,11.11111111,33.33333333,22.22222222,0,0,0,0,33.33333333,0,0
59,141.3382353,30.62044118,2.850588235,0.510735294,0.025,0.9,143.7058824,,14.70588235,35.29411765,30.88235294,0,0,0,0,19.11764706,0,0
60,165.2142857,35.89928571,3.229285714,0.699285714,0.053571429,0.978571429,78.07142857,,28.57142857,0,0,0,35.71428571,0,35.71428571,0,0,0
61,157,34.43571429,2.951428571,0.342857143,0.007142857,0.328571429,33.85714286,,14.28571429,0,0,0,71.42857143,0,0,14.28571429,0,0
62,133.9322034,28.95762712,2.695254237,0.492542373,0.024576271,0.898305085,72.72881356,,16.94915254,33.89830508,15.25423729,0,0,0,0,33.89830508,0,0
63,136.1153846,29.46320513,2.744615385,0.491153846,0.025641026,0.902564103,102.4871795,,17.94871795,30.76923077,21.79487179,0,0,0,0,29.48717949,0,0
64,139,29.895,2.755,0.595,0.0125,0.85,2.75,,0,75,0,0,0,0,0,25,0,0
65,136.7671233,29.55479452,2.745753425,0.51260274,0.02260274,0.890410959,84.20547945,,0,54.79452055,17.80821918,0,0,0,0,27.39726027,0,0
66,146.1111111,31.55555556,2.918888889,0.586666667,0.016666667,0.866666667,103.8888889,,11.11111111,55.55555556,22.22222222,0,0,0,0,11.11111111,0,0
67,139.8780488,30.26317073,2.813170732,0.519268293,0.023170732,0.892682927,114.1219512,,9.756097561,43.90243902,24.3902439,0,0,0,0,21.95121951,0,0
68,141.9667897,30.72826568,2.85597786,0.528856089,0.022878229,0.891512915,127.3431734,,16.60516605,37.63837638,27.30627306,0,0,0,0,18.4501845,0,0
69,163.3333333,35.44666667,3.19,0.693333333,0.05,0.966666667,73,,0,33.33333333,0,0,33.33333333,0,33.33333333,0,0,0
70,163.7692308,35.77307692,3.237692308,0.597692308,0.069230769,1.038461538,189.3846154,,0,0,23.07692308,0,38.46153846,0,38.46153846,0,0,0
71,137.2535211,29.84521127,2.798028169,0.432535211,0.033802817,0.935211268,195.8591549,,14.08450704,18.30985915,42.25352113,0,0,0,0,25.35211268,0,0
72,152.0491803,33.1395082,3.031311475,0.536229508,0.055737705,0.998360656,167.147541,,0,13.1147541,24.59016393,0,24.59016393,0,24.59016393,13.1147541,0,0
73,156.2753623,33.82376812,3.166666667,0.623333333,0.042753623,1.115942029,75.71014493,,11.5942029,50.72463768,11.5942029,0,2.898550725,2.898550725,4.347826087,7.246376812,4.347826087,4.347826087
74,129.45,28.1143,2.6157,0.4327,0.0475,0.933,30.39,,32,0,0,0,5,0,5,50,6,2
75,149.1111111,32.53074074,2.96037037,0.485,0.048148148,0.909259259,147.6296296,,9.259259259,3.703703704,22.22222222,0,27.77777778,0,18.51851852,18.51851852,0,0
76,153.5714286,32.96285714,3.012857143,0.734285714,0,0.8,2,,14.28571429,85.71428571,0,0,0,0,0,0,0,0
77,151.2736842,32.86105263,3.083684211,0.531052632,0.048631579,1.070526316,124.0105263,,13.68421053,27.36842105,22.10526316,5.263157895,2.105263158,2.105263158,3.157894737,13.68421053,5.263157895,5.263157895
78,134.1111111,28.88277778,2.672222222,0.546666667,0.017361111,0.869444444,3.041666667,,13.88888889,51.38888889,0,0,0,0,0,34.72222222,0,0
79,139,29.895,2.755,0.595,0.0125,0.85,2.75,,0,75,0,0,0,0,0,25,0,0
80,147.2,31.73428571,2.918857143,0.628,0.020285714,0.851428571,16.22857143,,14.28571429,57.14285714,0,2.857142857,2.857142857,0,2.857142857,14.28571429,2.857142857,2.857142857
81,131.4,28.32,2.626,0.52,0.02,0.88,3.2,,20,40,0,0,0,0,0,40,0,0
82,148.8472222,32.24319444,3.044861111,0.538611111,0.029583333,0.951388889,192.3194444,,13.88888889,34.72222222,41.66666667,0,0,0,0,0,0,9.722222222
83,141.8405797,30.92768116,2.906666667,0.414347826,0.037681159,0.950724638,280.6086957,,0,24.63768116,60.86956522,0,0,0,0,14.49275362,0,0
84,162.5,35.45947368,3.248684211,0.628684211,0.077631579,1.160526316,218.1842105,,0,0,28.94736842,0,28.94736842,0,42.10526316,0,0,0
85,142.2586207,31.01155172,2.913103448,0.420172414,0.037068966,0.948275862,278.1896552,,0,25.86206897,60.34482759,0,0,0,0,13.79310345,0,0
86,135.1,29.5842,2.6878,0.3082,0.041,0.79,136.22,,0,0,24,0,30,0,6,40,0,0
87,151.6,32.5625,3.008,0.695,0.007,0.845,24.8,,5,85,5,0,0,0,0,0,0,5
88,154,33.0625,3.0225,0.7375,0,0.8,2,,25,75,0,0,0,0,0,0,0,0
89,161.28125,35.16875,3.2084375,0.6034375,0.0609375,1.034375,195.71875,,12.5,0,28.125,0,28.125,0,31.25,0,0,0
90,154.9767442,33.81511628,3.21255814,0.591162791,0.084883721,1.348837209,358.5348837,,0,0,65.11627907,0,0,0,34.88372093,0,0,0
91,157.5454545,34.65454545,3.093636364,0.317272727,0.027272727,0.590909091,271.2727273,,0,0,54.54545455,0,45.45454545,0,0,0,0,0
92,158.6904762,34.60333333,3.166428571,0.565238095,0.053571429,0.99047619,215.9285714,,2.380952381,14.28571429,35.71428571,0,23.80952381,0,23.80952381,0,0,0
93,158.55,34.62175,3.06675,0.4455,0.0125,0.5525,134.95,,0,32.5,25,0,42.5,0,0,0,0,0
94,160.5384615,35.04384615,3.233076923,0.605384615,0.076923077,1.176923077,252.9230769,,0,0,38.46153846,0,23.07692308,0,38.46153846,0,0,0
95,135.8888889,29.41592593,2.740740741,0.487777778,0.025925926,0.903703704,104.4444444,,14.81481481,33.33333333,22.22222222,0,0,0,0,29.62962963,0,0
96,151.3448276,32.92448276,3.082586207,0.514655172,0.03,0.925862069,262,,41.37931034,0,56.89655172,0,0,0,0,0,0,1.724137931
97,134.3333333,28.91666667,2.673333333,0.55,0.016666667,0.866666667,3,,0,66.66666667,0,0,0,0,0,33.33333333,0,0
98,148.1428571,32.34857143,2.898571429,0.481428571,0.057142857,0.9,70,,0,0,0,0,42.85714286,0,28.57142857,28.57142857,0,0
99,151.875,33.20125,3.05,0.48875,0.0625,1.025,227,,0,0,37.5,0,25,0,25,12.5,0,0
100,122.7333333,26.58666667,2.494,0.392,0.033333333,0.933333333,64.53333333,,6.666666667,26.66666667,13.33333333,0,0,0,0,53.33333333,0,0
101,161.6666667,35.33666667,3.216666667,0.563333333,0.066666667,1.033333333,225.3333333,,0,0,33.33333333,0,33.33333333,0,33.33333333,0,0,0
102,139.6,30.47,2.87,0.394,0.04,0.96,276.8,,20,0,60,0,0,0,0,20,0,0
103,139.2474227,30.18185567,2.825876289,0.494123711,0.041443299,0.949484536,97.56701031,,0,41.2371134,16.49484536,0,3.092783505,0,4.12371134,24.74226804,4.12371134,6.18556701
104,141.8,30.482,2.804,0.622,0.01,0.84,2.6,,0,80,0,0,0,0,0,20,0,0
105,132.4252874,28.69827586,2.682298851,0.445172414,0.029885057,0.91954023,118.5977011,,0,40.22988506,25.28735632,0,0,0,0,34.48275862,0,0
106,155.4074074,33.8962963,3.220740741,0.606666667,0.087037037,1.37037037,352.3333333,,0,0,62.96296296,0,0,0,37.03703704,0,0,0
107,150.2162162,32.22702703,3.018108108,0.690540541,0.012162162,0.894594595,1.864864865,,21.62162162,64.86486486,0,0,0,0,0,0,0,13.51351351
108,156.3474576,34.16118644,3.14440678,0.513220339,0.056355932,1.004237288,264.059322,,2.542372881,5.93220339,47.45762712,0,21.18644068,0,21.18644068,1.694915254,0,0
109,153.3678161,33.23390805,3.082413793,0.588505747,0.027126437,0.888505747,154.9195402,,22.98850575,33.33333333,31.03448276,2.298850575,2.298850575,0,2.298850575,0,2.298850575,3.448275862
110,135.483871,29.59806452,2.796129032,0.351612903,0.043548387,0.974193548,282.8709677,,0,12.90322581,61.29032258,0,0,0,0,25.80645161,0,0
111,161.1034483,35.23948276,3.201724138,0.533793103,0.062068966,0.982758621,232.1724138,,0,0,36.20689655,0,34.48275862,0,29.31034483,0,0,0
112,129.9009901,28.39049505,2.667326733,0.34039604,0.061188119,1.015841584,168.1881188,,0,0,29.7029703,0,9.900990099,0,9.900990099,44.55445545,2.97029703,2.97029703
113,166.6923077,36.25692308,3.268461538,0.717692308,0.069230769,1.084615385,96.92307692,,15.38461538,0,0,0,38.46153846,0,46.15384615,0,0,0
114,144.9452055,31.38383562,2.924383562,0.538493151,0.027671233,0.91369863,127.1506849,,17.80821918,30.1369863,26.02739726,2.739726027,2.739726027,0,2.739726027,13.69863014,0,4.109589041
115,145.8433735,31.53228916,2.934457831,0.572409639,0.028192771,0.9,74.60240964,,30.12048193,26.5060241,13.25301205,2.409638554,2.409638554,0,2.409638554,14.45783133,2.409638554,6.024096386
116,152.26,33.1642,3.0436,0.5382,0.05,0.98,182,,4,16,30,0,20,0,20,10,0,0
117,154.2765957,33.35340426,3.047659574,0.616595745,0.010638298,0.785106383,102.0425532,,14.89361702,53.19148936,21.27659574,4.255319149,6.382978723,0,0,0,0,0
118,153.5714286,32.96285714,3.012857143,0.734285714,0,0.8,2,,14.28571429,85.71428571,0,0,0,0,0,0,0,0
119,148.358209,32.16537313,3.001791045,0.548656716,0.033283582,0.958208955,184.0746269,,0,44.7761194,37.31343284,0,2.985074627,0,5.970149254,5.970149254,0,2.985074627
120,132.76,28.9454,2.7099,0.3901,0.0546,0.999,144.14,,10,0,25,0,10,0,10,40,2,3
121,134.875,29.328125,2.751875,0.424375,0.034375,0.9375,174.3125,,31.25,0,37.5,0,0,0,0,31.25,0,0
122,160.9411765,35.12647059,3.201568627,0.578235294,0.059803922,1.009803922,208.0196078,,9.803921569,0,31.37254902,0,29.41176471,0,29.41176471,0,0,0
123,148.8051948,32.22974026,2.991298701,0.567142857,0.020779221,0.883116883,162.4415584,,29.87012987,28.57142857,35.06493506,0,0,0,0,6.493506494,0,0
124,134.597561,29.10487805,2.708658537,0.496585366,0.024390244,0.897560976,75.43902439,,20.73170732,30.48780488,15.85365854,0,0,0,0,32.92682927,0,0
125,150.5454545,32.44511364,3.032272727,0.6375,0.020227273,0.921590909,94.04545455,,7.954545455,62.5,19.31818182,0,0,0,2.272727273,0,0,7.954545455
126,131.0555556,28.36444444,2.647222222,0.46,0.027777778,0.911111111,79.33333333,,16.66666667,27.77777778,16.66666667,0,0,0,0,38.88888889,0,0
127,136.6111111,29.51388889,2.741111111,0.515,0.022222222,0.888888889,79,,0,55.55555556,16.66666667,0,0,0,0,27.77777778,0,0
128,138.5,29.986875,2.791875,0.503125,0.025,0.9,117,,18.75,31.25,25,0,0,0,0,25,0,0
129,139,29.895,2.755,0.595,0.0125,0.85,2.75,,0,75,0,0,0,0,0,25,0,0
130,115.4782609,25.01402174,2.352717391,0.36076087,0.041847826,0.980434783,11.4673913,,16.30434783,4.347826087,0,4.347826087,0,0,4.347826087,70.65217391,0,0
131,151.859375,33.10953125,3.03359375,0.52703125,0.05546875,0.9984375,180.828125,,0,12.5,28.125,0,23.4375,0,23.4375,12.5,0,0
132,153,32.83,3,0.73,0,0.8,2,,0,100,0,0,0,0,0,0,0,0
133,137.8148148,29.92382716,2.798765432,0.455925926,0.030864198,0.92345679,172,,12.34567901,25.92592593,37.03703704,0,0,0,0,24.69135802,0,0
134,151.5714286,32.97357143,3.077857143,0.517857143,0.028571429,0.914285714,263.1428571,,35.71428571,7.142857143,57.14285714,0,0,0,0,0,0,0
135,138.5666667,29.9885,2.790166667,0.5095,0.024166667,0.896666667,109.3833333,,18.33333333,33.33333333,23.33333333,0,0,0,0,25,0,0
136,144.375,31.35775,2.904,0.49825,0.0325,0.91,161.7,,10,25,32.5,5,5,0,5,17.5,0,0
137,155.65,33.9505,3.1095,0.4745,0.025,0.785,234.9,,25,0,50,15,10,0,0,0,0,0
138,149.49,32.3561,2.9702,0.5738,0.0155,0.813,110.43,,25,37,23,0,7,0,0,8,0,0
139,154.9189189,33.73891892,3.064594595,0.624864865,0.078378378,1.143243243,95.67567568,,0,0,0,0,35.13513514,0,45.94594595,18.91891892,0,0
140,164.6666667,35.75666667,3.22,0.703333333,0.05,0.966666667,73,,33.33333333,0,0,0,33.33333333,0,33.33333333,0,0,0
141,150.9777778,32.54433333,3.036888889,0.636,0.019777778,0.912222222,92,,7.777777778,61.11111111,18.88888889,2.222222222,0,0,2.222222222,0,0,7.777777778
142,147.2285714,31.98942857,2.985142857,0.498571429,0.028571429,0.914285714,237.2,,0,42.85714286,51.42857143,0,0,0,0,5.714285714,0,0
143,141.8235294,30.75117647,2.865882353,0.500588235,0.026470588,0.905882353,163.8235294,,11.76470588,35.29411765,35.29411765,0,0,0,0,17.64705882,0,0
144,150.1578947,32.38434211,3.037368421,0.622894737,0.023421053,0.940789474,108.5789474,,9.210526316,56.57894737,22.36842105,0,0,0,2.631578947,0,0,9.210526316
145,134.6031746,29.15730159,2.720793651,0.47,0.027777778,0.911111111,111.7619048,,14.28571429,30.15873016,23.80952381,0,0,0,0,31.74603175,0,0
146,129.6833333,28.03933333,2.6145,0.464,0.026666667,0.906666667,56.56666667,,15,31.66666667,11.66666667,0,0,0,0,41.66666667,0,0
147,132.9305556,28.80486111,2.691111111,0.454583333,0.029166667,0.916666667,110.9444444,,13.88888889,27.77777778,23.61111111,0,0,0,0,34.72222222,0,0
148,143.4390244,31.12817073,2.865853659,0.510487805,0.030487805,0.882926829,112,,21.95121951,17.07317073,20.73170732,2.43902439,9.756097561,0,6.097560976,21.95121951,0,0
149,135.3125,29.27375,2.725625,0.49375,0.025,0.9,88.625,,18.75,31.25,18.75,0,0,0,0,31.25,0,0
150,173,37.98888889,3.421111111,0.638888889,0.115555556,1.077777778,152,,0,0,0,0,33.33333333,0,44.44444444,0,22.22222222,0
151,139.6212121,30.18272727,2.807575758,0.517272727,0.023030303,0.875757576,73.87878788,,15.15151515,37.87878788,15.15151515,0,4.545454545,0,0,22.72727273,0,4.545454545
152,150.9,32.9599375,3.0601875,0.4700625,0.049375,0.985,280.1625,,6.875,6.875,55,0,12.5,0,12.5,6.25,0,0
153,158.0882353,34.28676471,3.222941176,0.589705882,0.038235294,1.129411765,169.6764706,,17.64705882,35.29411765,35.29411765,0,2.941176471,2.941176471,2.941176471,0,0,2.941176471
154,157.3076923,34.23326923,3.116346154,0.623846154,0.0625,1.055769231,126.2115385,,11.53846154,3.846153846,11.53846154,0,28.84615385,0,34.61538462,9.615384615,0,0
155,133.8588235,28.98741176,2.704588235,0.468117647,0.027647059,0.910588235,105.1411765,,10.58823529,34.11764706,22.35294118,0,0,0,0,32.94117647,0,0
156,168.40625,36.6640625,3.3178125,0.7471875,0.0890625,1.228125,120.21875,,0,0,0,0,40.625,0,59.375,0,0,0
157,150.5,32.665,3.04,0.535,0.025,0.9,230.5,,0,50,50,0,0,0,0,0,0,0
158,129.9230769,28.21307692,2.647692308,0.402307692,0.034615385,0.938461538,143.7692308,,0,30.76923077,30.76923077,0,0,0,0,38.46153846,0,0
159,133.2238806,28.91522388,2.722985075,0.473432836,0.049253731,1.068656716,139.2537313,,14.92537313,10.44776119,25.37313433,0,0,0,11.94029851,37.31343284,0,0
160,149.6857143,32.27057143,3.026428571,0.615857143,0.019714286,0.912857143,99.82857143,,11.42857143,57.14285714,21.42857143,0,0,0,0,0,0,10
161,153.6625,33.110125,3.027375,0.666125,0.00625,0.79625,60.225,,6.25,75,12.5,3.75,2.5,0,0,0,0,0
162,119.1505376,25.94483871,2.438064516,0.353225806,0.065268817,1.043010753,39.75268817,,6.451612903,0,0,6.451612903,0,0,10.75268817,69.89247312,6.451612903,0
163,141,30.32444444,2.792222222,0.613333333,0.011111111,0.844444444,2.666666667,,11.11111111,66.66666667,0,0,0,0,0,22.22222222,0,0
164,110.1447368,23.96855263,2.278684211,0.258289474,0.046052632,0.984210526,82.42105263,,0,7.894736842,17.10526316,0,0,0,0,75,0,0
165,139.3529412,30.15411765,2.804117647,0.516470588,0.023529412,0.894117647,110.2352941,,17.64705882,35.29411765,23.52941176,0,0,0,0,23.52941176,0,0
166,123.7234043,26.93085106,2.565638298,0.335,0.052340426,1.063829787,108.4787234,,8.510638298,6.382978723,21.27659574,1.063829787,0,1.063829787,1.063829787,55.31914894,2.127659574,3.191489362
167,134,28.8925,2.6775,0.5425,0.01875,0.875,3.125,,50,12.5,0,0,0,0,0,37.5,0,0
168,152.6818182,33.19318182,3.003181818,0.596818182,0.056818182,0.995454545,70.31818182,,0,18.18181818,0,0,31.81818182,0,31.81818182,18.18181818,0,0
169,156.2083333,34.1335,3.143333333,0.510333333,0.05625,1.004166667,267.3083333,,2.5,5.833333333,48.33333333,0,20.83333333,0,20.83333333,1.666666667,0,0
170,151.3770492,33,3.024590164,0.525245902,0.054918033,0.996721311,178.6393443,,0,13.1147541,27.86885246,0,22.95081967,0,22.95081967,13.1147541,0,0
171,140.0197628,30.22905138,2.800632411,0.554505929,0.018774704,0.875098814,67.72727273,,19.76284585,42.68774704,14.22924901,0,0,0,0,23.3201581,0,0
172,168.75,36.9975,3.1975,0.4825,0.0375,0.575,77.25,,0,0,0,0,75,0,25,0,0,0
173,150.8873239,32.65478873,3.117183099,0.551549296,0.036760563,1.076056338,162.8450704,,14.08450704,35.21126761,35.21126761,0,0,1.408450704,0,0,0,14.08450704
174,145.701087,31.62353261,2.951902174,0.506847826,0.030706522,0.923369565,185.7554348,,10.86956522,29.89130435,39.13043478,2.173913043,2.173913043,0,2.173913043,10.86956522,0,2.717391304
175,152.1142857,33.13285714,3.010857143,0.597142857,0.075714286,1.12,90.2,,0,0,0,0,34.28571429,0,42.85714286,22.85714286,0,0
176,134.5714286,29.11535714,2.71202381,0.486071429,0.025595238,0.902380952,90.01190476,,13.0952381,35.71428571,19.04761905,0,0,0,0,32.14285714,0,0
177,114.6071429,24.90107143,2.355952381,0.306071429,0.041666667,0.966666667,74.76190476,,9.523809524,7.142857143,15.47619048,0,0,0,0,67.85714286,0,0
178,139.8,30.35,2.836,0.466,0.03,0.92,185.4,,0,40,40,0,0,0,0,20,0,0
179,139.2814371,30.29053892,2.855449102,0.441257485,0.042874251,1.013173653,190.6287425,,2.395209581,26.34730539,39.52095808,1.19760479,0,0.598802395,2.395209581,23.95209581,1.19760479,2.395209581
180,144.6585366,31.39634146,2.876585366,0.492682927,0.020731707,0.797560976,119.3414634,,12.19512195,34.14634146,24.3902439,0,12.19512195,0,0,17.07317073,0,0
181,155,33.295,3.045,0.745,0,0.8,2,,50,50,0,0,0,0,0,0,0,0
182,137.983871,29.94403226,2.801612903,0.461451613,0.033225806,0.922580645,154.5,,0,40.32258065,32.25806452,0,0,0,0,24.19354839,1.612903226,1.612903226
183,150.6666667,32.50038462,3.042564103,0.621538462,0.022820513,0.929487179,105.8461538,,8.974358974,55.12820513,21.79487179,2.564102564,0,0,2.564102564,0,0,8.974358974
184,141.4347826,30.64768116,2.853913043,0.50826087,0.025362319,0.901449275,148.2753623,,14.49275362,34.7826087,31.88405797,0,0,0,0,18.84057971,0,0
185,141.2758621,30.66931034,2.864137931,0.475517241,0.029310345,0.917241379,191.6206897,,0,41.37931034,41.37931034,0,0,0,0,17.24137931,0,0
186,132.2884615,28.83326923,2.718076923,0.365961538,0.040384615,0.961538462,222.6923077,,0,19.23076923,48.07692308,0,0,0,0,32.69230769,0,0
187,162.6666667,35.47666667,3.217777778,0.61,0.061111111,1.011111111,174.5555556,,11.11111111,0,22.22222222,0,33.33333333,0,33.33333333,0,0,0
188,131.1604938,28.36753086,2.634444444,0.465802469,0.025308642,0.883950617,55.04938272,,11.11111111,35.80246914,11.11111111,0,2.469135802,0,0,39.50617284,0,0
189,144.24,31.3321,2.938,0.5046,0.0474,0.979,144.99,,13,20,26,6,0,0,6,18,5,6
190,134.3333333,28.91666667,2.673333333,0.55,0.016666667,0.866666667,3,,0,66.66666667,0,0,0,0,0,33.33333333,0,0
191,160.640625,35.03578125,3.20203125,0.59296875,0.06015625,1.0328125,206.671875,,12.5,0,31.25,0,26.5625,0,29.6875,0,0,0
192,139.5,30.22472222,2.815833333,0.5025,0.025694444,0.902777778,129.6527778,,27.77777778,20.83333333,27.77777778,0,0,0,0,23.61111111,0,0
193,143.8235294,31.30211765,2.962705882,0.468470588,0.049294118,1.029411765,233.7058824,,7.058823529,18.82352941,47.05882353,0,0,0,5.882352941,12.94117647,2.352941176,5.882352941
194,132.4302326,28.62697674,2.655697674,0.481162791,0.023837209,0.879069767,51.96511628,,10.46511628,39.53488372,10.46511628,0,2.325581395,0,0,37.20930233,0,0
195,135.3157895,29.12263158,2.690526316,0.559473684,0.015789474,0.863157895,2.947368421,,0,68.42105263,0,0,0,0,0,31.57894737,0,0
196,128.6190476,27.86857143,2.608095238,0.428571429,0.030952381,0.923809524,90.33333333,,14.28571429,23.80952381,19.04761905,0,0,0,0,42.85714286,0,0
197,152.9,32.948,3.0565,0.6695,0.012,0.865,70.5,,50,30,15,0,0,0,0,0,0,5
198,125.5423729,27.19169492,2.55779661,0.439661017,0.044067797,1.027118644,72.06779661,,8.474576271,20.33898305,11.86440678,0,0,0,8.474576271,50.84745763,0,0
199,134.1666667,29.01666667,2.701666667,0.49,0.025,0.9,79.16666667,,16.66666667,33.33333333,16.66666667,0,0,0,0,33.33333333,0,0
200,178.328,38.81932,3.74848,0.60216,0.09444,1.814,101.572,,0,14.8,14.8,14.8,14.8,11.2,14.8,0,0,14.8
201,127.9242424,27.75469697,2.613181818,0.429090909,0.04469697,1.024242424,113.1060606,,7.575757576,18.18181818,21.21212121,0,0,0,7.575757576,45.45454545,0,0
202,142.2173913,30.75724638,2.854782609,0.544782609,0.021014493,0.884057971,108.5362319,,23.1884058,34.7826087,23.1884058,0,0,0,0,18.84057971,0,0
203,141.5121951,30.75792683,2.898536585,0.467926829,0.044634146,1.054878049,163.2682927,,14.63414634,17.07317073,32.92682927,1.219512195,1.219512195,1.219512195,3.658536585,24.3902439,1.219512195,2.43902439
204,138.3333333,30.04190476,2.81,0.457142857,0.030952381,0.923809524,176.8095238,,14.28571429,23.80952381,38.0952381,0,0,0,0,23.80952381,0,0
205,142.6666667,30.91833333,2.878333333,0.515,0.025,0.9,154.8333333,,16.66666667,33.33333333,33.33333333,0,0,0,0,16.66666667,0,0
206,132.847619,28.742,2.679238095,0.470571429,0.026666667,0.906666667,90.07619048,,0,46.66666667,19.04761905,0,0,0,0,34.28571429,0,0
207,134.6,29.143,2.714,0.476166667,0.029333333,0.895,76.78333333,,15,31.66666667,15,0,1.666666667,0,0,33.33333333,1.666666667,1.666666667
208,118.0769231,25.62615385,2.416153846,0.34,0.038461538,0.953846154,74.15384615,,7.692307692,15.38461538,15.38461538,0,0,0,0,61.53846154,0,0
209,128.66,28.1392,2.651,0.3045,0.0484,0.953,220.22,,7,0,46,0,3,0,0,42,2,0
210,144.3513854,31.31994962,2.919798489,0.505604534,0.027732997,0.912216625,187.7858942,,7.556675063,37.78337531,40.302267,0.377833753,0.377833753,0,0.629722922,12.59445844,0,0.377833753
211,145.8588235,31.81717647,3.019176471,0.437058824,0.062588235,1.145882353,181.5882353,,10.58823529,10.58823529,34.11764706,2.352941176,2.352941176,2.352941176,3.529411765,22.35294118,5.882352941,5.882352941
212,134.575,29.20075,2.732,0.44125,0.03125,0.925,151.425,,0,37.5,32.5,0,0,0,0,30,0,0
213,135.6756757,29.38513514,2.74027027,0.478648649,0.027027027,0.908108108,114.0540541,,13.51351351,32.43243243,24.32432432,0,0,0,0,29.72972973,0,0
214,131.4189189,28.44297297,2.654189189,0.460810811,0.027702703,0.910810811,83.41891892,,12.16216216,32.43243243,17.56756757,0,0,0,0,37.83783784,0,0
215,158.1842105,34.63631579,3.093947368,0.408684211,0.019736842,0.602631579,199.7631579,,21.05263158,0,39.47368421,0,39.47368421,0,0,0,0,0
216,138.4666667,30.06626667,2.815333333,0.4808,0.049466667,0.966666667,90.88,,16,17.33333333,13.33333333,5.333333333,0,0,5.333333333,30.66666667,6.666666667,5.333333333
217,130.025974,28.13571429,2.615454545,0.452077922,0.026623377,0.888311688,57.80519481,,11.68831169,32.46753247,11.68831169,0,2.597402597,0,0,41.55844156,0,0
218,144.42,31.3951,2.9463,0.4952,0.0507,0.973,144.14,,13,20,25,5,0,0,5,18,7,7
219,137.2333333,29.83422222,2.809666667,0.441,0.044666667,1.044444444,149.2444444,,13.33333333,15.55555556,30,1.111111111,1.111111111,1.111111111,3.333333333,32.22222222,1.111111111,1.111111111
220,160,35.20857143,3.097142857,0.311428571,0.021428571,0.485714286,223,,0,0,42.85714286,0,57.14285714,0,0,0,0,0
221,125.0094787,27.13218009,2.54985782,0.379099526,0.035781991,0.943127962,111.7298578,,0,28.43601896,23.69668246,0,0,0,0,47.86729858,0,0
222,132.9444444,28.825,2.695555556,0.441666667,0.030555556,0.922222222,129.9444444,,0,38.88888889,27.77777778,0,0,0,0,33.33333333,0,0
223,135.9677419,29.58451613,2.775376344,0.413655914,0.037204301,0.934408602,188.0322581,,8.602150538,20.43010753,39.78494624,0,1.075268817,0,0,27.95698925,1.075268817,1.075268817
224,140.4588235,30.60905882,2.906941176,0.421176471,0.062588235,1.145882353,133.5176471,,10.58823529,10.58823529,23.52941176,2.352941176,2.352941176,2.352941176,3.529411765,32.94117647,5.882352941,5.882352941
225,133,28.82866667,2.694666667,0.446,0.03,0.92,124.8666667,,0,40,26.66666667,0,0,0,0,33.33333333,0,0
226,142,30.720625,2.853125,0.536875,0.021875,0.8875,116.8125,,18.75,37.5,25,0,0,0,0,18.75,0,0
227,148.2666667,32.05066667,3.037333333,0.558666667,0.028666667,0.96,154.2,,13.33333333,40,33.33333333,0,0,0,0,0,0,13.33333333
228,144.4714286,31.23214286,2.894857143,0.563285714,0.019285714,0.877142857,113.4142857,,17.14285714,44.28571429,24.28571429,0,0,0,0,14.28571429,0,0
229,138.0121951,29.82073171,2.768414634,0.529512195,0.021341463,0.885365854,75.25609756,,20.73170732,36.58536585,15.85365854,0,0,0,0,26.82926829,0,0
230,144.8888889,31.3591358,2.911481481,0.545555556,0.021604938,0.886419753,143.4197531,,8.641975309,48.14814815,30.86419753,0,0,0,0,12.34567901,0,0
231,110.375,23.996875,2.268125,0.305,0.059375,1.06875,28.3125,,0,0,0,0,6.25,0,12.5,81.25,0,0
232,138.2297297,29.89851351,2.78,0.509054054,0.023648649,0.894594595,107.7162162,,0,52.7027027,22.97297297,0,0,0,0,24.32432432,0,0
233,137.8735632,29.84091954,2.769310345,0.509310345,0.029885057,0.922988506,96.16091954,,0,45.97701149,18.3908046,0,3.448275862,0,4.597701149,27.5862069,0,0
234,106.6,23.1927,2.2106,0.2508,0.0563,1.01,18.6,,4,0,0,0,2,0,3,85,3,3
235,139.9863014,30.40945205,2.843835616,0.462876712,0.030821918,0.923287671,190.4246575,,13.69863014,24.65753425,41.09589041,0,0,0,0,20.54794521,0,0
236,119.63,26.0103,2.4767,0.3558,0.067,1.075,37.04,,6,0,0,6,0,0,10,65,6,7
237,168.4285714,36.68571429,3.31,0.73,0.085714286,1.185714286,117.4285714,,0,0,0,0,42.85714286,0,57.14285714,0,0,0
238,137.5333333,29.79733333,2.778,0.488,0.026666667,0.906666667,124.6666667,,20,26.66666667,26.66666667,0,0,0,0,26.66666667,0,0
239,143.7432432,31.13202703,2.894594595,0.52527027,0.023648649,0.894594595,156.7972973,,0,52.7027027,33.78378378,0,0,0,0,13.51351351,0,0
240,147.7368421,31.74105263,2.911052632,0.677894737,0.005263158,0.821052632,2.315789474,,15.78947368,73.68421053,0,0,0,0,0,10.52631579,0,0
241,145.5903614,31.51108434,2.927951807,0.559036145,0.024698795,0.913253012,144.0843373,,12.04819277,43.37349398,30.12048193,0,0,0,2.409638554,12.04819277,0,0
242,105.4117647,22.93294118,2.168823529,0.247058824,0.052941176,1.005882353,17.17647059,,0,0,0,0,5.882352941,0,5.882352941,88.23529412,0,0
243,141.6666667,30.76606061,2.859393939,0.506060606,0.04,0.945454545,133.3030303,,24.24242424,15.15151515,24.24242424,0,3.03030303,0,6.060606061,24.24242424,3.03030303,0
244,139.6588235,30.27529412,2.820823529,0.498352941,0.033764706,0.917647059,110.8823529,,15.29411765,29.41176471,21.17647059,0,2.352941176,0,2.352941176,24.70588235,2.352941176,2.352941176
245,149.2485191,32.53717555,2.944396877,0.544413032,0.068268713,1.036537426,80.63247173,,0,0,0,0,36.53742596,0,36.53742596,26.92514809,0,0
246,135.92,29.4056,2.7318,0.4956,0.027,0.906,89.42,,0,48,18,0,2,0,2,30,0,0
247,147.2297297,31.68824324,2.914864865,0.642027027,0.009459459,0.837837838,45.51351351,,0,81.08108108,9.459459459,0,0,0,0,9.459459459,0,0
248,143.925,31.26925,2.94175,0.46825,0.04425,1.08,124.975,,0,37.5,25,2.5,2.5,2.5,0,25,2.5,2.5
249,131.1325301,28.22819277,2.645180723,0.514337349,0.023493976,0.914457831,3.024096386,,0,57.8313253,0,0,0,0,0,36.14457831,0,6.024096386
250,132,28.4275,2.6325,0.5275,0.01875,0.875,3.125,,0,62.5,0,0,0,0,0,37.5,0,0
251,136.1506849,29.51410959,2.755616438,0.464520548,0.028767123,0.915068493,140.5479452,,0,42.46575342,30.1369863,0,0,0,0,27.39726027,0,0
252,139.0991903,30.40291498,2.871093117,0.369331984,0.044574899,0.980364372,300.611336,,12.14574899,0,64.77732794,0.607287449,0.607287449,0,1.012145749,20.24291498,0,0.607287449
253,129.3095238,27.97422619,2.611130952,0.451964286,0.02797619,0.911904762,68.53571429,,8.928571429,35.11904762,14.28571429,0,0,0,0,41.66666667,0,0
254,134.6923077,29.14661538,2.715692308,0.479846154,0.026153846,0.904615385,101.3538462,,0,47.69230769,21.53846154,0,0,0,0,30.76923077,0,0
255,130.4,28.254,2.642,0.442,0.03,0.92,94.6,,20,20,20,0,0,0,0,40,0,0
256,132.9649123,28.76701754,2.68122807,0.475789474,0.026315789,0.905263158,83.22807018,,12.28070175,35.0877193,17.54385965,0,0,0,0,35.0877193,0,0
257,132.52,28.6624,2.6708,0.4768,0.026,0.904,76.2,,12,36,16,0,0,0,0,36,0,0
258,134.2474227,29.09340206,2.709072165,0.464948454,0.03742268,0.917525773,65.13402062,,5.154639175,32.98969072,10.30927835,3.092783505,3.092783505,0,3.092783505,36.08247423,3.092783505,3.092783505
259,130.2470588,28.45729412,2.694352941,0.324823529,0.045294118,0.981176471,250.4117647,,9.411764706,0,54.11764706,0,0,0,0,36.47058824,0,0
260,134.3859649,29.28,2.699122807,0.408596491,0.047368421,0.940350877,111.8596491,,5.263157895,7.01754386,17.54385965,0,17.54385965,0,12.28070175,40.35087719,0,0
261,151.9142857,32.686,3.022571429,0.674,0.013714286,0.871428571,47.2,,0,80,8.571428571,0,2.857142857,0,2.857142857,0,0,5.714285714
262,148.7356322,32.23551724,3.032183908,0.64,0.064367816,1.229885057,187.5172414,,0,28.73563218,29.88505747,0,0,0,28.73563218,12.64367816,0,0
263,146.6510417,31.86942708,2.972447917,0.499479167,0.035052083,0.9203125,193.265625,,10.41666667,28.64583333,39.58333333,2.083333333,2.083333333,0,2.083333333,10.41666667,2.083333333,2.604166667
264,152.3111111,32.794,3.026444444,0.665555556,0.012888889,0.857777778,57.46666667,,0,77.77777778,11.11111111,2.222222222,2.222222222,0,2.222222222,0,0,4.444444444
